"produk_gambar","produk_url","produk_nama","produk_nama_url","produk_spesifikasi","produk_spesifikasi_url","produk_harga","produk_harga_url"
"https://p.ipricegroup.com/uploaded_cbab94b165783fbf63bc824ed8a3fc43.jpg?position=1","https://iprice.co.id/r/pc/?_id=b25e07578020b87a43acbbc1e53d05e5c7295a18&position=1&sub_product=discovery-brand-category&_exit=%2Fasus%2Fkomputer%2F","ASUS TUF Gaming FX505DY","https://iprice.co.id/r/pc/?_id=b25e07578020b87a43acbbc1e53d05e5c7295a18&position=1&sub_product=discovery-brand-category&_exit=%2Fasus%2Fkomputer%2F","Ukuran Layar: 15.6"" Sistem Operasi: Windows 10 Pro Backlit Keyboard: Ya","https://iprice.co.id/r/pc/?_id=b25e07578020b87a43acbbc1e53d05e5c7295a18&position=1&sub_product=discovery-brand-category&_exit=%2Fasus%2Fkomputer%2F","Rp 8.819.000","https://iprice.co.id/r/pc/?_id=b25e07578020b87a43acbbc1e53d05e5c7295a18&position=1&sub_product=discovery-brand-category&_exit=%2Fasus%2Fkomputer%2F"
"https://p.ipricegroup.com/uploaded_ddbe098eae83b4c86f57cdc098d9ae70.jpg?position=2","https://iprice.co.id/r/pc/?_id=e70c47090fd232ba7f882c6bb4efab47b806c4dd&position=2&sub_product=discovery-brand-category&_exit=%2Fasus%2Fkomputer%2F","ASUS VivoBook 14 A412FA","https://iprice.co.id/r/pc/?_id=e70c47090fd232ba7f882c6bb4efab47b806c4dd&position=2&sub_product=discovery-brand-category&_exit=%2Fasus%2Fkomputer%2F","Ukuran Layar: 14"" Sistem Operasi: Windows 10 Home Backlit Keyboard: Tidak","https://iprice.co.id/r/pc/?_id=e70c47090fd232ba7f882c6bb4efab47b806c4dd&position=2&sub_product=discovery-brand-category&_exit=%2Fasus%2Fkomputer%2F","Rp 5.099.000","https://iprice.co.id/r/pc/?_id=e70c47090fd232ba7f882c6bb4efab47b806c4dd&position=2&sub_product=discovery-brand-category&_exit=%2Fasus%2Fkomputer%2F"
"https://p.ipricegroup.com/uploaded_48719a7da8cd69d2eddc083393cd77ac.jpg?position=3","https://iprice.co.id/r/pc/?_id=0c09d4832f13ef4c20879fda3e6c4c133bf567fb&position=3&sub_product=discovery-brand-category&_exit=%2Fasus%2Fkomputer%2F","Asus ZenBook Duo UX481","https://iprice.co.id/r/pc/?_id=0c09d4832f13ef4c20879fda3e6c4c133bf567fb&position=3&sub_product=discovery-brand-category&_exit=%2Fasus%2Fkomputer%2F","Ukuran Layar: 14"" Sistem Operasi: Windows 10 Daya Tahan Baterai: 11h","https://iprice.co.id/r/pc/?_id=0c09d4832f13ef4c20879fda3e6c4c133bf567fb&position=3&sub_product=discovery-brand-category&_exit=%2Fasus%2Fkomputer%2F","Rp 15.392.270","https://iprice.co.id/r/pc/?_id=0c09d4832f13ef4c20879fda3e6c4c133bf567fb&position=3&sub_product=discovery-brand-category&_exit=%2Fasus%2Fkomputer%2F"
"https://p.ipricegroup.com/uploaded_696838c5debd9d2e43ab4713a7e149e2.jpg?position=4","https://iprice.co.id/r/pc/?_id=400218851efe91af6cbfac626ab069014e758b75&position=4&sub_product=discovery-brand-category&_exit=%2Fasus%2Fkomputer%2F","ASUS VivoBook Ultra A412FL","https://iprice.co.id/r/pc/?_id=400218851efe91af6cbfac626ab069014e758b75&position=4&sub_product=discovery-brand-category&_exit=%2Fasus%2Fkomputer%2F","Ukuran Layar: 14"" Sistem Operasi: Windows 10 Daya Tahan Baterai: 37h","https://iprice.co.id/r/pc/?_id=400218851efe91af6cbfac626ab069014e758b75&position=4&sub_product=discovery-brand-category&_exit=%2Fasus%2Fkomputer%2F","Rp 8.199.000","https://iprice.co.id/r/pc/?_id=400218851efe91af6cbfac626ab069014e758b75&position=4&sub_product=discovery-brand-category&_exit=%2Fasus%2Fkomputer%2F"
"https://p.ipricegroup.com/uploaded_8f3068f6adf0c60b64eb95d9c914b065.jpg?position=5","https://iprice.co.id/r/pc/?_id=a284dc603314181ae938e93e863e647cc05a6155&position=5&sub_product=discovery-brand-category&_exit=%2Fasus%2Fkomputer%2F","ASUS VivoBook K403","https://iprice.co.id/r/pc/?_id=a284dc603314181ae938e93e863e647cc05a6155&position=5&sub_product=discovery-brand-category&_exit=%2Fasus%2Fkomputer%2F","Ukuran Layar: 14"" Sistem Operasi: Windows 10 Backlit Keyboard: Tidak","https://iprice.co.id/r/pc/?_id=a284dc603314181ae938e93e863e647cc05a6155&position=5&sub_product=discovery-brand-category&_exit=%2Fasus%2Fkomputer%2F","Rp 7.301.000","https://iprice.co.id/r/pc/?_id=a284dc603314181ae938e93e863e647cc05a6155&position=5&sub_product=discovery-brand-category&_exit=%2Fasus%2Fkomputer%2F"
"https://p.ipricegroup.com/uploaded_1c8adbeef76e068083934c942a367ed1.jpg?position=6","https://iprice.co.id/r/pc/?_id=5767bfbcfc57e248317c72fc68f3741a91f5a00c&position=6&sub_product=discovery-brand-category&_exit=%2Fasus%2Fkomputer%2F","ASUS X201E","https://iprice.co.id/r/pc/?_id=5767bfbcfc57e248317c72fc68f3741a91f5a00c&position=6&sub_product=discovery-brand-category&_exit=%2Fasus%2Fkomputer%2F","Ukuran Layar: 11"" Sistem Operasi: Windows 8 Daya Tahan Baterai: 38h","https://iprice.co.id/r/pc/?_id=5767bfbcfc57e248317c72fc68f3741a91f5a00c&position=6&sub_product=discovery-brand-category&_exit=%2Fasus%2Fkomputer%2F","Rp 3.350.000","https://iprice.co.id/r/pc/?_id=5767bfbcfc57e248317c72fc68f3741a91f5a00c&position=6&sub_product=discovery-brand-category&_exit=%2Fasus%2Fkomputer%2F"
"https://p.ipricegroup.com/uploaded_3a24f773f56cf1a341a0c1389645d209.jpg?position=7","https://iprice.co.id/r/pc/?_id=bdc038fa796241cbf734e37cfa84ad6bfd136505&position=7&sub_product=discovery-brand-category&_exit=%2Fasus%2Fkomputer%2F","ASUS VivoBook Flip 14 TP412UA","https://iprice.co.id/r/pc/?_id=bdc038fa796241cbf734e37cfa84ad6bfd136505&position=7&sub_product=discovery-brand-category&_exit=%2Fasus%2Fkomputer%2F","Ukuran Layar: 14"" Sistem Operasi: Windows 10 Backlit Keyboard: Tidak","https://iprice.co.id/r/pc/?_id=bdc038fa796241cbf734e37cfa84ad6bfd136505&position=7&sub_product=discovery-brand-category&_exit=%2Fasus%2Fkomputer%2F","Rp 6.825.000","https://iprice.co.id/r/pc/?_id=bdc038fa796241cbf734e37cfa84ad6bfd136505&position=7&sub_product=discovery-brand-category&_exit=%2Fasus%2Fkomputer%2F"
"https://p.ipricegroup.com/uploaded_85591f3393a86bab82980e90e7ad0ac7.jpg?position=8","https://iprice.co.id/r/pc/?_id=8f806fb6fcb8777428e028fe9deb9d035cfa2292&position=8&sub_product=discovery-brand-category&_exit=%2Fasus%2Fkomputer%2F","ASUS VivoBook Flip 12 TP203NAH","https://iprice.co.id/r/pc/?_id=8f806fb6fcb8777428e028fe9deb9d035cfa2292&position=8&sub_product=discovery-brand-category&_exit=%2Fasus%2Fkomputer%2F","Ukuran Layar: 11.6"" Sistem Operasi: Windows 10 Backlit Keyboard: Tidak","https://iprice.co.id/r/pc/?_id=8f806fb6fcb8777428e028fe9deb9d035cfa2292&position=8&sub_product=discovery-brand-category&_exit=%2Fasus%2Fkomputer%2F","Rp 5.085.000","https://iprice.co.id/r/pc/?_id=8f806fb6fcb8777428e028fe9deb9d035cfa2292&position=8&sub_product=discovery-brand-category&_exit=%2Fasus%2Fkomputer%2F"
"https://p.ipricegroup.com/uploaded_c0bdc3e9ee4068587bbf39a22d0cf726.jpg?position=9","https://iprice.co.id/r/pc/?_id=a6714e3e11e0265f7da0a335f0e93de654d0017d&position=9&sub_product=discovery-brand-category&_exit=%2Fasus%2Fkomputer%2F","Asus VivoBook X441MA","https://iprice.co.id/r/pc/?_id=a6714e3e11e0265f7da0a335f0e93de654d0017d&position=9&sub_product=discovery-brand-category&_exit=%2Fasus%2Fkomputer%2F","Ukuran Layar: 14"" Sistem Operasi: Windows 10 Daya Tahan Baterai: 8h","https://iprice.co.id/r/pc/?_id=a6714e3e11e0265f7da0a335f0e93de654d0017d&position=9&sub_product=discovery-brand-category&_exit=%2Fasus%2Fkomputer%2F","Rp 3.675.000","https://iprice.co.id/r/pc/?_id=a6714e3e11e0265f7da0a335f0e93de654d0017d&position=9&sub_product=discovery-brand-category&_exit=%2Fasus%2Fkomputer%2F"
"https://p.ipricegroup.com/uploaded_e3e9e97fc4597d2b12a7e683cc914c4d.jpg?position=10","https://iprice.co.id/r/pc/?_id=eb90ebd0ee5d30dd9e0ece201b1a3b0cc5d48470&position=10&sub_product=discovery-brand-category&_exit=%2Fasus%2Fkomputer%2F","ASUS X200CA","https://iprice.co.id/r/pc/?_id=eb90ebd0ee5d30dd9e0ece201b1a3b0cc5d48470&position=10&sub_product=discovery-brand-category&_exit=%2Fasus%2Fkomputer%2F","Berat: 1.24kg Layar Sentuh: Ya Fingerprint Reader: Tidak","https://iprice.co.id/r/pc/?_id=eb90ebd0ee5d30dd9e0ece201b1a3b0cc5d48470&position=10&sub_product=discovery-brand-category&_exit=%2Fasus%2Fkomputer%2F","Rp 3.299.000","https://iprice.co.id/r/pc/?_id=eb90ebd0ee5d30dd9e0ece201b1a3b0cc5d48470&position=10&sub_product=discovery-brand-category&_exit=%2Fasus%2Fkomputer%2F"
"https://p.ipricegroup.com/uploaded_1caef78e03874e49a25fa73a49ed5c18.jpg?position=11","https://iprice.co.id/r/pc/?_id=c42369ceea31e26651a16d0adeddafa06dfcfc74&position=11&sub_product=discovery-brand-category&_exit=%2Fasus%2Fkomputer%2F","ASUS X200MA","https://iprice.co.id/r/pc/?_id=c42369ceea31e26651a16d0adeddafa06dfcfc74&position=11&sub_product=discovery-brand-category&_exit=%2Fasus%2Fkomputer%2F","Ukuran Layar: 11"" Sistem Operasi: Windows 8 Daya Tahan Baterai: 5h","https://iprice.co.id/r/pc/?_id=c42369ceea31e26651a16d0adeddafa06dfcfc74&position=11&sub_product=discovery-brand-category&_exit=%2Fasus%2Fkomputer%2F","Rp 3.095.000","https://iprice.co.id/r/pc/?_id=c42369ceea31e26651a16d0adeddafa06dfcfc74&position=11&sub_product=discovery-brand-category&_exit=%2Fasus%2Fkomputer%2F"
"https://p.ipricegroup.com/uploaded_dd9000eb0788453dbc4289673a9b09fc.jpg?position=12","https://iprice.co.id/r/pc/?_id=97d7ec669b0f140df6f81a647b47574ca2c39efe&position=12&sub_product=discovery-brand-category&_exit=%2Fasus%2Fkomputer%2F","Asus A450L","https://iprice.co.id/r/pc/?_id=97d7ec669b0f140df6f81a647b47574ca2c39efe&position=12&sub_product=discovery-brand-category&_exit=%2Fasus%2Fkomputer%2F","Ukuran Layar: 14"" Sistem Operasi: Windows 8.1 Backlit Keyboard: Ya","https://iprice.co.id/r/pc/?_id=97d7ec669b0f140df6f81a647b47574ca2c39efe&position=12&sub_product=discovery-brand-category&_exit=%2Fasus%2Fkomputer%2F","Rp 5.311.000","https://iprice.co.id/r/pc/?_id=97d7ec669b0f140df6f81a647b47574ca2c39efe&position=12&sub_product=discovery-brand-category&_exit=%2Fasus%2Fkomputer%2F"
"https://p.ipricegroup.com/uploaded_85b5b60fa64fc0a98e0acb5c99beda88.jpg?position=13","https://iprice.co.id/r/pc/?_id=ab4d9531752bd402c5414d0b29b55a6fd23ef300&position=13&sub_product=discovery-brand-category&_exit=%2Fasus%2Fkomputer%2F","ASUS X550VX","https://iprice.co.id/r/pc/?_id=ab4d9531752bd402c5414d0b29b55a6fd23ef300&position=13&sub_product=discovery-brand-category&_exit=%2Fasus%2Fkomputer%2F","Ukuran Layar: 15"" Sistem Operasi: Windows Daya Tahan Baterai: 5h","https://iprice.co.id/r/pc/?_id=ab4d9531752bd402c5414d0b29b55a6fd23ef300&position=13&sub_product=discovery-brand-category&_exit=%2Fasus%2Fkomputer%2F","Rp 8.958.700","https://iprice.co.id/r/pc/?_id=ab4d9531752bd402c5414d0b29b55a6fd23ef300&position=13&sub_product=discovery-brand-category&_exit=%2Fasus%2Fkomputer%2F"
"https://p.ipricegroup.com/uploaded_ead33efbe514de435541358e3384aee7.jpg?position=14","https://iprice.co.id/r/pc/?_id=97db02c9a6ab182e92be3f88fab3a38ee88a49f2&position=14&sub_product=discovery-brand-category&_exit=%2Fasus%2Fkomputer%2F","ASUS ZenBook 14 UM431DA","https://iprice.co.id/r/pc/?_id=97db02c9a6ab182e92be3f88fab3a38ee88a49f2&position=14&sub_product=discovery-brand-category&_exit=%2Fasus%2Fkomputer%2F","Ukuran Layar: 14"" Sistem Operasi: Windows Daya Tahan Baterai: 12h","https://iprice.co.id/r/pc/?_id=97db02c9a6ab182e92be3f88fab3a38ee88a49f2&position=14&sub_product=discovery-brand-category&_exit=%2Fasus%2Fkomputer%2F","Rp 7.000.000","https://iprice.co.id/r/pc/?_id=97db02c9a6ab182e92be3f88fab3a38ee88a49f2&position=14&sub_product=discovery-brand-category&_exit=%2Fasus%2Fkomputer%2F"
"https://p.ipricegroup.com/uploaded_e2056e034fc6434daa276cc319cf5555.jpg?position=15","https://iprice.co.id/r/pc/?_id=9710243ca1c1eefd81fc8f6fa32bdae3370e3ff3&position=15&sub_product=discovery-brand-category&_exit=%2Fasus%2Fkomputer%2F","ASUS A407UA","https://iprice.co.id/r/pc/?_id=9710243ca1c1eefd81fc8f6fa32bdae3370e3ff3&position=15&sub_product=discovery-brand-category&_exit=%2Fasus%2Fkomputer%2F","Ukuran Layar: 14"" Sistem Operasi: Windows 10 Home Backlit Keyboard: Tidak","https://iprice.co.id/r/pc/?_id=9710243ca1c1eefd81fc8f6fa32bdae3370e3ff3&position=15&sub_product=discovery-brand-category&_exit=%2Fasus%2Fkomputer%2F","Rp 4.800.000","https://iprice.co.id/r/pc/?_id=9710243ca1c1eefd81fc8f6fa32bdae3370e3ff3&position=15&sub_product=discovery-brand-category&_exit=%2Fasus%2Fkomputer%2F"
"https://p.ipricegroup.com/uploaded_2ccaed31ca4e612ca5135d9d60c10b35.jpg?position=16","https://iprice.co.id/r/pc/?_id=5a9b2a369ef5b9c8ff77a9b6d3074d0f59effb32&position=16&sub_product=discovery-brand-category&_exit=%2Fasus%2Fkomputer%2F","ASUS ZenBook 13 UX333FA","https://iprice.co.id/r/pc/?_id=5a9b2a369ef5b9c8ff77a9b6d3074d0f59effb32&position=16&sub_product=discovery-brand-category&_exit=%2Fasus%2Fkomputer%2F","Ukuran Layar: 13"" Sistem Operasi: Windows 10 Home Daya Tahan Baterai: 14h","https://iprice.co.id/r/pc/?_id=5a9b2a369ef5b9c8ff77a9b6d3074d0f59effb32&position=16&sub_product=discovery-brand-category&_exit=%2Fasus%2Fkomputer%2F","Rp 10.500.000","https://iprice.co.id/r/pc/?_id=5a9b2a369ef5b9c8ff77a9b6d3074d0f59effb32&position=16&sub_product=discovery-brand-category&_exit=%2Fasus%2Fkomputer%2F"
"https://p.ipricegroup.com/uploaded_ef1d17ef4ed3b767e60ee4b0567ea9d4.jpg?position=17","https://iprice.co.id/r/pc/?_id=fb0b22c7548e90616df934d7c0ff304158cf4aa9&position=17&sub_product=discovery-brand-category&_exit=%2Fasus%2Fkomputer%2F","ASUS ROG GL553VD","https://iprice.co.id/r/pc/?_id=fb0b22c7548e90616df934d7c0ff304158cf4aa9&position=17&sub_product=discovery-brand-category&_exit=%2Fasus%2Fkomputer%2F","Ukuran Layar: 15.6"" Sistem Operasi: Windows 10 Home Backlit Keyboard: Ya","https://iprice.co.id/r/pc/?_id=fb0b22c7548e90616df934d7c0ff304158cf4aa9&position=17&sub_product=discovery-brand-category&_exit=%2Fasus%2Fkomputer%2F","Rp 9.900.000","https://iprice.co.id/r/pc/?_id=fb0b22c7548e90616df934d7c0ff304158cf4aa9&position=17&sub_product=discovery-brand-category&_exit=%2Fasus%2Fkomputer%2F"
"https://p.ipricegroup.com/uploaded_2a9ab3b393a1e0e3b8275b6e81b7a2c7.jpg?position=18","https://iprice.co.id/r/pc/?_id=c3d556d6ba1550c1e3678126c6f8d65c8dd0aad8&position=18&sub_product=discovery-brand-category&_exit=%2Fasus%2Fkomputer%2F","ASUS VivoBook K403 Petal Pink","https://iprice.co.id/r/pc/?_id=c3d556d6ba1550c1e3678126c6f8d65c8dd0aad8&position=18&sub_product=discovery-brand-category&_exit=%2Fasus%2Fkomputer%2F","Ukuran Layar: 14"" Sistem Operasi: Windows 10 Backlit Keyboard: Tidak","https://iprice.co.id/r/pc/?_id=c3d556d6ba1550c1e3678126c6f8d65c8dd0aad8&position=18&sub_product=discovery-brand-category&_exit=%2Fasus%2Fkomputer%2F","Rp 7.999.000","https://iprice.co.id/r/pc/?_id=c3d556d6ba1550c1e3678126c6f8d65c8dd0aad8&position=18&sub_product=discovery-brand-category&_exit=%2Fasus%2Fkomputer%2F"
"https://p.ipricegroup.com/uploaded_164faaf28eefbce38032f8eb7c0ce26b.jpg?position=19","https://iprice.co.id/r/pc/?_id=3147182a96f23446b86bb1ba34ef647eeceb2712&position=19&sub_product=discovery-brand-category&_exit=%2Fasus%2Fkomputer%2F","ASUS VivoBook Max X441UA","https://iprice.co.id/r/pc/?_id=3147182a96f23446b86bb1ba34ef647eeceb2712&position=19&sub_product=discovery-brand-category&_exit=%2Fasus%2Fkomputer%2F","Ukuran Layar: 14"" Sistem Operasi: Windows 10 Home Daya Tahan Baterai: 6h","https://iprice.co.id/r/pc/?_id=3147182a96f23446b86bb1ba34ef647eeceb2712&position=19&sub_product=discovery-brand-category&_exit=%2Fasus%2Fkomputer%2F","Rp 3.750.000","https://iprice.co.id/r/pc/?_id=3147182a96f23446b86bb1ba34ef647eeceb2712&position=19&sub_product=discovery-brand-category&_exit=%2Fasus%2Fkomputer%2F"
"https://p.ipricegroup.com/uploaded_7d87d1ff448557d307bf962b480e5afa.jpg?position=20","https://iprice.co.id/r/pc/?_id=3ffac3474182f99821ec9d3d9b9ea0f73a8b887a&position=20&sub_product=discovery-brand-category&_exit=%2Fasus%2Fkomputer%2F","ASUS Chromebook Flip C434","https://iprice.co.id/r/pc/?_id=3ffac3474182f99821ec9d3d9b9ea0f73a8b887a&position=20&sub_product=discovery-brand-category&_exit=%2Fasus%2Fkomputer%2F","Ukuran Layar: 14"" Sistem Operasi: Chrome OS Daya Tahan Baterai: 10h","https://iprice.co.id/r/pc/?_id=3ffac3474182f99821ec9d3d9b9ea0f73a8b887a&position=20&sub_product=discovery-brand-category&_exit=%2Fasus%2Fkomputer%2F","Rp 7.043.822","https://iprice.co.id/r/pc/?_id=3ffac3474182f99821ec9d3d9b9ea0f73a8b887a&position=20&sub_product=discovery-brand-category&_exit=%2Fasus%2Fkomputer%2F"
"https://p.ipricegroup.com/uploaded_51a8442c4695c439ce316816b068b191.jpg?position=21","https://iprice.co.id/r/pc/?_id=e84ecdc865e6fe79490a5c0a85abe5a7bea27cb8&position=21&sub_product=discovery-brand-category&_exit=%2Fasus%2Fkomputer%2F","ASUS X453MA","https://iprice.co.id/r/pc/?_id=e84ecdc865e6fe79490a5c0a85abe5a7bea27cb8&position=21&sub_product=discovery-brand-category&_exit=%2Fasus%2Fkomputer%2F","Ukuran Layar: 14"" Sistem Operasi: DOS Daya Tahan Baterai: 30h","https://iprice.co.id/r/pc/?_id=e84ecdc865e6fe79490a5c0a85abe5a7bea27cb8&position=21&sub_product=discovery-brand-category&_exit=%2Fasus%2Fkomputer%2F","Rp 3.500.000","https://iprice.co.id/r/pc/?_id=e84ecdc865e6fe79490a5c0a85abe5a7bea27cb8&position=21&sub_product=discovery-brand-category&_exit=%2Fasus%2Fkomputer%2F"
"https://p.ipricegroup.com/uploaded_a4930908c0a676a23233a92967afccf8.jpg?position=22","https://iprice.co.id/r/pc/?_id=323b7c5d66b55a5844a5e8b38568a93b9b8a95ca&position=22&sub_product=discovery-brand-category&_exit=%2Fasus%2Fkomputer%2F","ASUS X45A","https://iprice.co.id/r/pc/?_id=323b7c5d66b55a5844a5e8b38568a93b9b8a95ca&position=22&sub_product=discovery-brand-category&_exit=%2Fasus%2Fkomputer%2F","Ukuran Layar: 14"" Sistem Operasi: Windows Daya Tahan Baterai: 5h","https://iprice.co.id/r/pc/?_id=323b7c5d66b55a5844a5e8b38568a93b9b8a95ca&position=22&sub_product=discovery-brand-category&_exit=%2Fasus%2Fkomputer%2F","Rp 3.690.000","https://iprice.co.id/r/pc/?_id=323b7c5d66b55a5844a5e8b38568a93b9b8a95ca&position=22&sub_product=discovery-brand-category&_exit=%2Fasus%2Fkomputer%2F"
"https://p.ipricegroup.com/uploaded_350fcc883f8a48714217ec1ae7849938.jpg?position=23","https://iprice.co.id/r/pc/?_id=0a04a9e2139a50026433dae4704a4ec5a4af2ffe&position=23&sub_product=discovery-brand-category&_exit=%2Fasus%2Fkomputer%2F","ASUS ROG GL552JX","https://iprice.co.id/r/pc/?_id=0a04a9e2139a50026433dae4704a4ec5a4af2ffe&position=23&sub_product=discovery-brand-category&_exit=%2Fasus%2Fkomputer%2F","Ukuran Layar: 15.6"" Sistem Operasi: Windows 8.1 Backlit Keyboard: Ya","https://iprice.co.id/r/pc/?_id=0a04a9e2139a50026433dae4704a4ec5a4af2ffe&position=23&sub_product=discovery-brand-category&_exit=%2Fasus%2Fkomputer%2F","Rp 9.100.000","https://iprice.co.id/r/pc/?_id=0a04a9e2139a50026433dae4704a4ec5a4af2ffe&position=23&sub_product=discovery-brand-category&_exit=%2Fasus%2Fkomputer%2F"
"https://p.ipricegroup.com/uploaded_839ab5399f7eecdbab29c636978601b6.jpg?position=24","https://iprice.co.id/r/pc/?_id=bbe16e80f81dcd495c4296c953d211fd1c803760&position=24&sub_product=discovery-brand-category&_exit=%2Fasus%2Fkomputer%2F","ASUS X45U","https://iprice.co.id/r/pc/?_id=bbe16e80f81dcd495c4296c953d211fd1c803760&position=24&sub_product=discovery-brand-category&_exit=%2Fasus%2Fkomputer%2F","Ukuran Layar: 14"" Sistem Operasi: Windows 7 Daya Tahan Baterai: 5h","https://iprice.co.id/r/pc/?_id=bbe16e80f81dcd495c4296c953d211fd1c803760&position=24&sub_product=discovery-brand-category&_exit=%2Fasus%2Fkomputer%2F","Rp 3.000.000","https://iprice.co.id/r/pc/?_id=bbe16e80f81dcd495c4296c953d211fd1c803760&position=24&sub_product=discovery-brand-category&_exit=%2Fasus%2Fkomputer%2F"
"https://p.ipricegroup.com/uploaded_a77a6007b8b7dfdd833b28168931c64c.jpg?position=25","https://iprice.co.id/r/pc/?_id=ebf2d6447418dc4d9c93c1c8a2b0ed338ad5cbd2&position=25&sub_product=discovery-brand-category&_exit=%2Fasus%2Fkomputer%2F","ASUS X455LA","https://iprice.co.id/r/pc/?_id=ebf2d6447418dc4d9c93c1c8a2b0ed338ad5cbd2&position=25&sub_product=discovery-brand-category&_exit=%2Fasus%2Fkomputer%2F","Ukuran Layar: 14"" Sistem Operasi: Windows 10 Daya Tahan Baterai: 6h","https://iprice.co.id/r/pc/?_id=ebf2d6447418dc4d9c93c1c8a2b0ed338ad5cbd2&position=25&sub_product=discovery-brand-category&_exit=%2Fasus%2Fkomputer%2F","Rp 4.799.000","https://iprice.co.id/r/pc/?_id=ebf2d6447418dc4d9c93c1c8a2b0ed338ad5cbd2&position=25&sub_product=discovery-brand-category&_exit=%2Fasus%2Fkomputer%2F"
"https://p.ipricegroup.com/uploaded_3b9ae4b6fef8bb43457ed19e04d894c6.jpg?position=26","https://iprice.co.id/r/pc/?_id=179d3268ff43935b9b74dcda9f6ebedb802f23f0&position=26&sub_product=discovery-brand-category&_exit=%2Fasus%2Fkomputer%2F","ASUS A455LF","https://iprice.co.id/r/pc/?_id=179d3268ff43935b9b74dcda9f6ebedb802f23f0&position=26&sub_product=discovery-brand-category&_exit=%2Fasus%2Fkomputer%2F","Ukuran Layar: 14"" Sistem Operasi: FreeDOS Backlit Keyboard: Tidak","https://iprice.co.id/r/pc/?_id=179d3268ff43935b9b74dcda9f6ebedb802f23f0&position=26&sub_product=discovery-brand-category&_exit=%2Fasus%2Fkomputer%2F","Rp 5.899.000","https://iprice.co.id/r/pc/?_id=179d3268ff43935b9b74dcda9f6ebedb802f23f0&position=26&sub_product=discovery-brand-category&_exit=%2Fasus%2Fkomputer%2F"
"https://p.ipricegroup.com/uploaded_d1436e030cc3e1f6b052bad079fe3dae.jpg?position=27","https://iprice.co.id/r/pc/?_id=be0d9d66554c9fd4d56550d792e1652a85fd710f&position=27&sub_product=discovery-brand-category&_exit=%2Fasus%2Fkomputer%2F","ASUS ROG Strix SCAR III","https://iprice.co.id/r/pc/?_id=be0d9d66554c9fd4d56550d792e1652a85fd710f&position=27&sub_product=discovery-brand-category&_exit=%2Fasus%2Fkomputer%2F","Ukuran Layar: 15.6"" Sistem Operasi: Windows 10 Daya Tahan Baterai: 5h","https://iprice.co.id/r/pc/?_id=be0d9d66554c9fd4d56550d792e1652a85fd710f&position=27&sub_product=discovery-brand-category&_exit=%2Fasus%2Fkomputer%2F","Rp 23.640.000","https://iprice.co.id/r/pc/?_id=be0d9d66554c9fd4d56550d792e1652a85fd710f&position=27&sub_product=discovery-brand-category&_exit=%2Fasus%2Fkomputer%2F"
"https://p.ipricegroup.com/uploaded_547da6f4205163ecd87c85c131642bba.jpg?position=28","https://iprice.co.id/r/pc/?_id=975c683fb2acf95aa45f1c884001ff98194a2bcb&position=28&sub_product=discovery-brand-category&_exit=%2Fasus%2Fkomputer%2F","ASUS EeeBook E202SA","https://iprice.co.id/r/pc/?_id=975c683fb2acf95aa45f1c884001ff98194a2bcb&position=28&sub_product=discovery-brand-category&_exit=%2Fasus%2Fkomputer%2F","Ukuran Layar: 11.6"" Sistem Operasi: DOS Daya Tahan Baterai: 10h","https://iprice.co.id/r/pc/?_id=975c683fb2acf95aa45f1c884001ff98194a2bcb&position=28&sub_product=discovery-brand-category&_exit=%2Fasus%2Fkomputer%2F","Rp 2.991.000","https://iprice.co.id/r/pc/?_id=975c683fb2acf95aa45f1c884001ff98194a2bcb&position=28&sub_product=discovery-brand-category&_exit=%2Fasus%2Fkomputer%2F"
"https://p.ipricegroup.com/uploaded_9afbf318288d742a6d0d01c45b770118.jpg?position=29","https://iprice.co.id/r/pc/?_id=23e49304cf2d44ecbe454d2df85690856399d5d6&position=29&sub_product=discovery-brand-category&_exit=%2Fasus%2Fkomputer%2F","ASUS A456UR","https://iprice.co.id/r/pc/?_id=23e49304cf2d44ecbe454d2df85690856399d5d6&position=29&sub_product=discovery-brand-category&_exit=%2Fasus%2Fkomputer%2F","Ukuran Layar: 14"" Sistem Operasi: Windows 10 Home Backlit Keyboard: Tidak","https://iprice.co.id/r/pc/?_id=23e49304cf2d44ecbe454d2df85690856399d5d6&position=29&sub_product=discovery-brand-category&_exit=%2Fasus%2Fkomputer%2F","Rp 4.950.000","https://iprice.co.id/r/pc/?_id=23e49304cf2d44ecbe454d2df85690856399d5d6&position=29&sub_product=discovery-brand-category&_exit=%2Fasus%2Fkomputer%2F"
"https://p.ipricegroup.com/uploaded_5666fa824e0f0d4de46293c9b450415c.jpg?position=30","https://iprice.co.id/r/pc/?_id=cd8966732ad9b939de32d2001c06670cd4930ccd&position=30&sub_product=discovery-brand-category&_exit=%2Fasus%2Fkomputer%2F","Asus VivoBook X441MA Intel Pentium Rose Gold 1TB","https://iprice.co.id/r/pc/?_id=cd8966732ad9b939de32d2001c06670cd4930ccd&position=30&sub_product=discovery-brand-category&_exit=%2Fasus%2Fkomputer%2F","Ukuran Layar: 14"" Sistem Operasi: Windows 10 Daya Tahan Baterai: 8h","https://iprice.co.id/r/pc/?_id=cd8966732ad9b939de32d2001c06670cd4930ccd&position=30&sub_product=discovery-brand-category&_exit=%2Fasus%2Fkomputer%2F","Rp 3.940.000","https://iprice.co.id/r/pc/?_id=cd8966732ad9b939de32d2001c06670cd4930ccd&position=30&sub_product=discovery-brand-category&_exit=%2Fasus%2Fkomputer%2F"
"https://p.ipricegroup.com/uploaded_6b22a890262537170c638951438f4234.jpg?position=31","https://iprice.co.id/r/pc/?_id=d9e0b39663e3c443d1b78f67f58c8a1b5efe67e6&position=31&sub_product=discovery-brand-category&_exit=%2Fasus%2Fkomputer%2F","ASUS N43SL","https://iprice.co.id/r/pc/?_id=d9e0b39663e3c443d1b78f67f58c8a1b5efe67e6&position=31&sub_product=discovery-brand-category&_exit=%2Fasus%2Fkomputer%2F","Ukuran Layar: 14"" Sistem Operasi: Windows 7 Backlit Keyboard: Ya","https://iprice.co.id/r/pc/?_id=d9e0b39663e3c443d1b78f67f58c8a1b5efe67e6&position=31&sub_product=discovery-brand-category&_exit=%2Fasus%2Fkomputer%2F","Rp 4.400.000","https://iprice.co.id/r/pc/?_id=d9e0b39663e3c443d1b78f67f58c8a1b5efe67e6&position=31&sub_product=discovery-brand-category&_exit=%2Fasus%2Fkomputer%2F"
"https://p.ipricegroup.com/uploaded_9cde11bb96abded115e179ff7fa72e42.jpg?position=32","https://iprice.co.id/r/pc/?_id=c75c95cf3452759f85cb43014d897ddb12adc1d4&position=32&sub_product=discovery-brand-category&_exit=%2Fasus%2Fkomputer%2F","Asus ROG Zephyrus S (GX701)","https://iprice.co.id/r/pc/?_id=c75c95cf3452759f85cb43014d897ddb12adc1d4&position=32&sub_product=discovery-brand-category&_exit=%2Fasus%2Fkomputer%2F","Ukuran Layar: 17.3"" Sistem Operasi: Windows 10 Backlit Keyboard: Ya","https://iprice.co.id/r/pc/?_id=c75c95cf3452759f85cb43014d897ddb12adc1d4&position=32&sub_product=discovery-brand-category&_exit=%2Fasus%2Fkomputer%2F","Rp 31.699.000","https://iprice.co.id/r/pc/?_id=c75c95cf3452759f85cb43014d897ddb12adc1d4&position=32&sub_product=discovery-brand-category&_exit=%2Fasus%2Fkomputer%2F"
"https://p.ipricegroup.com/uploaded_1dd1f3339f5a8b07b47d1ce4d8d92ca5.jpg?position=33","https://iprice.co.id/r/pc/?_id=63cffa85ece67359085a63136c9821e825f8ad7b&position=33&sub_product=discovery-brand-category&_exit=%2Fasus%2Fkomputer%2F","ASUS A9","https://iprice.co.id/r/pc/?_id=63cffa85ece67359085a63136c9821e825f8ad7b&position=33&sub_product=discovery-brand-category&_exit=%2Fasus%2Fkomputer%2F","","","Rp 4.499.000","https://iprice.co.id/r/pc/?_id=63cffa85ece67359085a63136c9821e825f8ad7b&position=33&sub_product=discovery-brand-category&_exit=%2Fasus%2Fkomputer%2F"
"https://p.ipricegroup.com/uploaded_ab94529756c59d61b75c0f5093427a7e.jpg?position=34","https://iprice.co.id/r/pc/?_id=e55a18adb8a11a7ca5ec8c5fa5812885c33e7da0&position=34&sub_product=discovery-brand-category&_exit=%2Fasus%2Fkomputer%2F","ASUS Laptop M409DA","https://iprice.co.id/r/pc/?_id=e55a18adb8a11a7ca5ec8c5fa5812885c33e7da0&position=34&sub_product=discovery-brand-category&_exit=%2Fasus%2Fkomputer%2F","Ukuran Layar: 14"" Sistem Operasi: Windows 10 Pro Daya Tahan Baterai: 24h","https://iprice.co.id/r/pc/?_id=e55a18adb8a11a7ca5ec8c5fa5812885c33e7da0&position=34&sub_product=discovery-brand-category&_exit=%2Fasus%2Fkomputer%2F","Rp 4.749.000","https://iprice.co.id/r/pc/?_id=e55a18adb8a11a7ca5ec8c5fa5812885c33e7da0&position=34&sub_product=discovery-brand-category&_exit=%2Fasus%2Fkomputer%2F"
"https://p.ipricegroup.com/uploaded_f414f13a230c86bafd84f43c0fed9e75.jpg?position=35","https://iprice.co.id/r/pc/?_id=073cacab752f3131eb1b64c3676533d7c9339e9a&position=35&sub_product=discovery-brand-category&_exit=%2Fasus%2Fkomputer%2F","ASUS VivoBook 14 X420UA","https://iprice.co.id/r/pc/?_id=073cacab752f3131eb1b64c3676533d7c9339e9a&position=35&sub_product=discovery-brand-category&_exit=%2Fasus%2Fkomputer%2F","Ukuran Layar: 14"" Sistem Operasi: Windows 10 Backlit Keyboard: Ya","https://iprice.co.id/r/pc/?_id=073cacab752f3131eb1b64c3676533d7c9339e9a&position=35&sub_product=discovery-brand-category&_exit=%2Fasus%2Fkomputer%2F","Rp 4.995.000","https://iprice.co.id/r/pc/?_id=073cacab752f3131eb1b64c3676533d7c9339e9a&position=35&sub_product=discovery-brand-category&_exit=%2Fasus%2Fkomputer%2F"